Category,Target Encode Value
Asian,11.07351833487977
Asian / Pacific Islander,11.008577742645338
Black,10.717737509424694
Native,10.551351189604956
Other,10.47687702060972
White,10.782871562008925
